{
	"IcoMoonType": "selection",
	"icons": [
		{
			"icon": {
				"paths": [
					"M713.143 73.143q68 0 116.286 48.286t48.286 116.286v548.571q0 68-48.286 116.286t-116.286 48.286h-107.429v-340h113.714l17.143-132.571h-130.857v-84.571q0-32 13.429-48t52.286-16l69.714-0.571v-118.286q-36-5.143-101.714-5.143-77.714 0-124.286 45.714t-46.571 129.143v97.714h-114.286v132.571h114.286v340h-304q-68 0-116.286-48.286t-48.286-116.286v-548.571q0-68 48.286-116.286t116.286-48.286h548.571z"
				],
				"width": 877.7150573730469,
				"attrs": [],
				"isMulticolor": false,
				"tags": [
					"facebook-square"
				],
				"defaultCode": 61570,
				"grid": 14
			},
			"attrs": [],
			"properties": {
				"name": "facebook-square",
				"id": 122,
				"order": 5,
				"prevSize": 32,
				"code": 61570
			},
			"setIdx": 2,
			"setId": 2,
			"iconIdx": 122
		},
		{
			"icon": {
				"paths": [
					"M585.143 512q0-60.571-42.857-103.429t-103.429-42.857-103.429 42.857-42.857 103.429 42.857 103.429 103.429 42.857 103.429-42.857 42.857-103.429zM664 512q0 93.714-65.714 159.429t-159.429 65.714-159.429-65.714-65.714-159.429 65.714-159.429 159.429-65.714 159.429 65.714 65.714 159.429zM725.714 277.714q0 21.714-15.429 37.143t-37.143 15.429-37.143-15.429-15.429-37.143 15.429-37.143 37.143-15.429 37.143 15.429 15.429 37.143zM438.857 152q-4 0-43.714-0.286t-60.286 0-55.143 1.714-58.857 5.714-40.857 10.571q-28.571 11.429-50.286 33.143t-33.143 50.286q-6.286 16.571-10.571 40.857t-5.714 58.857-1.714 55.143 0 60.286 0.286 43.714-0.286 43.714 0 60.286 1.714 55.143 5.714 58.857 10.571 40.857q11.429 28.571 33.143 50.286t50.286 33.143q16.571 6.286 40.857 10.571t58.857 5.714 55.143 1.714 60.286 0 43.714-0.286 43.714 0.286 60.286 0 55.143-1.714 58.857-5.714 40.857-10.571q28.571-11.429 50.286-33.143t33.143-50.286q6.286-16.571 10.571-40.857t5.714-58.857 1.714-55.143 0-60.286-0.286-43.714 0.286-43.714 0-60.286-1.714-55.143-5.714-58.857-10.571-40.857q-11.429-28.571-33.143-50.286t-50.286-33.143q-16.571-6.286-40.857-10.571t-58.857-5.714-55.143-1.714-60.286 0-43.714 0.286zM877.714 512q0 130.857-2.857 181.143-5.714 118.857-70.857 184t-184 70.857q-50.286 2.857-181.143 2.857t-181.143-2.857q-118.857-5.714-184-70.857t-70.857-184q-2.857-50.286-2.857-181.143t2.857-181.143q5.714-118.857 70.857-184t184-70.857q50.286-2.857 181.143-2.857t181.143 2.857q118.857 5.714 184 70.857t70.857 184q2.857 50.286 2.857 181.143z"
				],
				"width": 877.7139630317688,
				"attrs": [],
				"isMulticolor": false,
				"tags": [
					"instagram"
				],
				"defaultCode": 61805,
				"grid": 14
			},
			"attrs": [],
			"properties": {
				"name": "instagram",
				"id": 329,
				"order": 7,
				"prevSize": 32,
				"code": 61805
			},
			"setIdx": 2,
			"setId": 2,
			"iconIdx": 329
		}
	],
	"height": 1024,
	"metadata": {
		"name": "icomoon"
	},
	"preferences": {
		"showGlyphs": true,
		"showCodes": true,
		"showQuickUse": true,
		"showQuickUse2": true,
		"showSVGs": true,
		"fontPref": {
			"prefix": "icon-",
			"metadata": {
				"fontFamily": "icomoon"
			},
			"metrics": {
				"emSize": 1024,
				"baseline": 6.25,
				"whitespace": 50
			},
			"embed": false
		},
		"imagePref": {
			"prefix": "icon-",
			"png": true,
			"useClassSelector": true,
			"color": 0,
			"bgColor": 16777215
		},
		"historySize": 100
	}
}